{
  "transformer": {
    "float32,float32": [
      178896640.0,
      203569230.76923075,
      49007407.4074074
    ],
    "bfloat16,bfloat16": [
      35552000.0,
      102153846.15384616,
      24576455.90071235
    ],
    "float8,float8": [
      35552000.0,
      102153846.15384616,
      13117367.995887494
    ],
    "float8,ternary": [
      14908160.0,
      54892307.692307696,
      7432239.112873613
    ],
    "int8,int8": [
      35552000.0,
      54523076.92307692,
      13117367.995887494
    ],
    "int8,ternary": [
      14908160.0,
      30892307.692307696,
      7432239.112873613
    ]
  },
  "particletransformer": {
    "float32,float32": [
      286735621.12,
      326280861.5384615,
      78549096.29629628
    ],
    "bfloat16,bfloat16": [
      55971215.36,
      163509661.53846154,
      39337537.72490269
    ],
    "float8,float8": [
      55971215.36,
      163509661.53846154,
      20497908.907982666
    ],
    "float8,ternary": [
      21981132.8,
      85693538.46153846,
      11137344.202100316
    ],
    "int8,int8": [
      55971215.36,
      85200984.61538461,
      20497908.907982666
    ],
    "int8,ternary": [
      21981132.8,
      46292923.07692308,
      11137344.202100316
    ]
  },
  "llocatransformer": {
    "float32,float32": [
      187551555.88,
      213417792.3076923,
      51378357.4074074
    ],
    "bfloat16,bfloat16": [
      37912790.64,
      107584857.69230771,
      25883218.743727207
    ],
    "float8,float8": [
      37912790.64,
      107584857.69230771,
      13892740.158135664
    ],
    "float8,ternary": [
      17268950.64,
      60323319.23076923,
      8207611.275121783
    ],
    "int8,int8": [
      37912790.64,
      57745313.46153846,
      13892740.158135664
    ],
    "int8,ternary": [
      17268950.64,
      34114544.23076923,
      8207611.275121783
    ]
  },
  "lgatr-slim": {
    "float32,float32": [
      285116682.24,
      324438646.15384614,
      78105600.0
    ],
    "bfloat16,bfloat16": [
      59791219.2,
      164312861.5384615,
      39531321.61269002
    ],
    "float8,float8": [
      59791219.2,
      164312861.5384615,
      22082861.599471245
    ],
    "float8,ternary": [
      28577733.120000005,
      92853415.38461538,
      13486946.72835426
    ],
    "int8,int8": [
      59791219.2,
      91786707.69230768,
      22082861.599471245
    ],
    "int8,ternary": [
      28577733.120000005,
      56056984.61538462,
      13486946.72835426
    ]
  }
}
